Aruba,,,,,,,,,,,,,,,,,,,,,,,,,,,,,,97,58,,62,92,28,14,,,,220,,,,,,,,,,,,
Africa Eastern and Southern,,,,,,,,,,,,,,,,,,,,,,,,,,,,,,,,,,,,,,,,,,,,,,,,,,,,
Afghanistan,,,,,556990,,,,,,,,,,,,,,,,,,,861302,,,,,,,,,,,,,,,,,,,,,,,,,,,,
Africa Western and Central,,,,,,,,,,,,,,,,,,,,,,,,,,,,,,,,,,,,,,,,,,,,,,,,,,,,
Angola,,,,,,,,,,,,,290468,310894,,,,,,,,,,,,,,,477948,,,,,,,,,,214136,246024,215471,170490,,,,,,,,,,
Albania,,,,,,,,,,,,,,,,,,,,,,,,,,,,,,3469,6463,9222,,11586,12820,,,,12549,17511,16575,14461,10140,6487,,,,,,,4748,
Andorra,,,,,,,,,,,,,,,,,,,,,,,,,,,,,,,,,,,,,,,,,,,,,,,,,,,,
Arab World,3591617,3670725,3612047,3593582,3592489,3585678,3478357,3496246,3532798,3508137,3492774,3554684,3613424,3648922,3568601,3604712,3596543,3552822,3578060,3664387,3642111,3754281,4138594,4196813,4036279,4161797,3988220,3935591,4003704,3771526,3688576,3558171,3459326,3341408,3274995,3316260,3353654,3160572,3015054,2949742,2778481,2936995,3061381,3299515,3517686,3543997,3605393,3436666,3229944,3341569,3396216,
United Arab Emirates,,,,,,,,,7291,,11083,13823,12371,15957,17378,19318,20950,11894,8874,4658,1347,1155,4676,11380,15116,14800,19195,25022,26140,,,,,,,,,8679,,,,,13559,16215,,,,,,,,
Argentina,94757,,,,51880,58367,,,,,,,,,,,,,,,,85545,,,,,,,,,,,,,,,,,,,,,,,,,,,,,,
Armenia,,,,,,,,,,,,,,,,,,,,,,,,,,,,,,,,,11240,11555,,8482,5634,2445,,,,4010,3000,2845,4862,4674,5358,5333,6050,7976,9526,
American Samoa,,,,,,,,,,,,,,,,,,,,,,,,,,,,,,,,,,,,,,,,,,,,,,,,,,,,
Antigua and Barbuda,,,,,,,,,,,,,,,,,,,,,,,,,,,,,,,,,,,,,,,,,,,228,,277,92,,173,,,,
Australia,,27782,,41283,46407,22627,13451,,,,,,6964,13233,27571,28295,23673,20212,15810,15177,17656,22443,24513,27807,30438,48845,46458,52444,57043,64195,68051,,,39459,34294,,,,,,,27006,23852,,,,,3862,4495,7866,16412,
Austria,,,,,,,,,,,,,,,,,,,,10732,,,,,,,,,,,449,2464,6868,7941,7499,5913,4616,4225,4539,4272,3621,4719,2621,1496,1117,991,477,,,,,
Azerbaijan,,,,,,,,,,,,,,,,,,,,,,5799,7632,27541,39019,56411,38359,34349,40321,17315,29822,38105,37274,36573,34765,31950,28984,36402,36214,30733,32323,23500,17642,185,,,,8799,12763,34346,44017,
Burundi,,,,222232,,,,,242299,,243209,237958,226177,207374,196149,188150,188703,179917,182946,,,,,232493,,,,,,,332075,276008,281457,265158,267773,251409,155390,110912,45746,65579,37007,,,,,,,51105,69832,85660,,
Belgium,,,,,,,,17215,,11503,9011,14183,12779,26924,29537,30847,24582,19804,15542,,,17643,22528,9731,11815,11386,9635,,,,3667,,848,4176,10762,11813,9931,6690,4406,4846,5913,5491,4210,4429,4559,3065,2069,1066,2853,5341,,
Benin,,,,,,,,,,,,,,,110971,111825,125643,,137733,140628,197369,,152178,136570,140817,134808,129992,118769,,,,,,,,,33953,,24957,,,,,,,,,,,32693,37876,
Burkina Faso,,382862,388491,,,,,423482,431614,439920,445978,447714,446745,451474,455467,455149,455326,456675,470186,486205,,510139,520708,527434,530512,527777,,,533475,544505,548300,553627,584701,577948,576742,540972,517082,471145,418466,403084,497967,453395,458469,463149,458752,448778,370444,364976,335760,371101,435271,
Bangladesh,1530290,,,391152,,,,492883,568335,,,1123876,,1138525,1539849,1694673,1823729,1940199,1473924,1523549,1406043,,,,,,,,,,,,,,,,,,447457,,,,,,,,,,,,,
Bulgaria,,,,,,,,,,,,,,,,,,,,,,,,,,,10789,9104,2392,2203,3008,2879,5462,5244,4077,5631,3727,,,,,,3342,5881,8216,11049,14862,17828,20662,22412,,
Bahrain,,2619,2181,2109,1563,966,1893,1939,2752,3064,3067,3352,3765,3484,3077,2359,938,1332,376,198,,,1238,895,1047,573,,,,,,3067,2956,3766,4009,5111,4993,,,,,4350,3861,3132,2110,853,1096,,33,1116,,
Bahamas,,,,,,,,,,,,,,,,,,,,,,,2114,2168,,,,,,1454,,,,,1979,1764,,,,,,,,,,,,,,,,
Bosnia and Herzegovina,,,,,,,,,,,,,,,,,,,,,,,,,,,,,,,,,,,,,,,,,,,,,,,,,,,,
Belarus,,,,,,,,,,,,,,,,,,,,,,,,,,33074,,,,,,,,,,,,,,,,,,3560,2999,3305,108,,1198,5198,10585,
Belize,,,,,,,,,,,,,,,,,,,,,,,,,,,,,,61,571,1244,,1449,1136,1099,1029,1212,770,605,443,377,,157,,,,,,,,
Bermuda,,,,,,,,,629,678,,,,,467,365,,,,,,,,,,,,,,,,,,,,,,,,,,99,115,,,,,,,,,
Bolivia,,,,,,,,,,,,,,,,,,,,,,,,,,,,,,,,,,,,,,,,16711,37507,56262,75697,78418,79252,76580,70260,59056,47935,41156,36702,
Brazil,,,,,,,,,,,,,,,,,,,,,,,,,,,,,,,,,,,,,,,,218767,,359073,224251,,,62777,,,,,,
Barbados,,2428,2055,2047,,,76,,,,,970,660,116,,,,,,49,190,,1244,,,,,,,,259,313,674,698,836,952,515,362,180,398,334,523,,,808,509,267,287,80,,194,
Brunei Darussalam,,,,,,,,1213,1283,2755,2883,3774,4166,4070,3971,,3408,,,,,1694,1559,1270,1203,420,,,,,,,,,,,,,,,,,,,,,,,,,381,
Bhutan,,,,,,,,,21651,21318,,,,,,,,,,,,,,,,,,,23359,23425,22367,21111,,,,16529,14380,,11087,8480,7269,6380,4931,5064,,5368,5363,5137,4124,,2286,
Botswana,34030,37384,38160,39344,37798,34582,32396,30302,30847,30839,28463,23917,,20371,19965,17814,15740,14758,14700,13804,15159,12912,13571,13782,13756,27189,26424,,23208,24475,23374,21469,20992,20928,17122,18386,16380,18997,21371,22020,,,19429,19247,19288,,,,,,,
Central African Republic,,45014,42091,40453,,,,54444,55696,,,49686,46245,39615,,,45769,72011,81091,84617,63456,80344,,,,,,,,,,,,,,146387,148337,121652,93583,95551,89755,102837,98866,,,,,,,,,
Canada,,,,,,,,,,,,,42354,42960,48272,51344,49022,48074,48829,40099,53084,17551,20848,36078,38476,56050,44580,,9916,,,,,,,,,,,,,,,,,,,,,,,
Central Europe and the Baltics,,,,,,,,,,,,,,,,,,,,,,,,,,,,221022,125318,139301,140160,127520,128876,129030,127741,128606,123547,106922,96425,90249,80861,83756,78454,86847,98186,106181,119199,129979,139707,130468,127365,
Switzerland,,,,,,,,77197,74629,,,65042,62679,61869,61344,59307,56533,52657,47572,42026,38102,36752,37505,40823,44055,26046,21800,,,,,,,,2295,,,,,1839,1603,1439,1770,,,,,,,,,
Channel Islands,,,,,,,,,,,,,,,,,,,,,,,,,,,,,,,,,,,,,,,,,,,,,,,,,,,,
Chile,,,,,,,,,,,,,,,,,,,,,,,,,,,,,,,,,,,,,,21329,16261,29512,20182,23093,24118,27343,26883,25567,21112,15069,7352,460,,
China,,,,,,,,,,,,,,,,,,1832161,,193853,,178214,809124,1550955,2679864,4175926,5468200,6490539,,,,,,,,,,,,,,,,,,,,,,,,
Cote d'Ivoire,,,,,,,,201143,,,,,,,,,,,,,,,,,,,438618,439044,,441661,458597,413332,413489,537089,,,,,,641850,,,,516366,410588,346527,159702,141216,44066,32670,5796,
Cameroon,,139297,155864,171740,196533,160648,158444,174617,171177,173019,178651,,,,,,,,190039,,216110,246503,,,,,,,,,,,,,,,,,,,,86808,,,,,15527,48680,,83981,,
Congo Dem. Rep.,,250350,302952,,,314262,,,,281680,,,,293552,301265,,,,715898,,,898473,1008456,1096394,1070491,684735,,,,2357377,,,,,,,,,,,,,,,,,,,,,,
Congo Rep.,,,12417,,5876,,5099,,2478,2586,17120,19408,19434,20026,17753,,,,,,,,,,,,,,,,,,,,,145988,119517,,,,39447,,50246,,,,,,62954,,,
Colombia,,,,,,,,,,,,,,,,,630649,,,,,669261,,,,,,,,95617,74172,171461,150999,,77610,,,,,10554,41290,53744,97753,,,76236,98434,58849,52922,29320,35165,
Comoros,,,,,,,,,,,,,,,,,,5095,,,,,,,9277,,,,,15515,12563,,,,,,,9203,,,,,,5593,7084,,,8750,11522,,,
Cabo Verde,,,,,,,,,,,,2468,2657,3262,1935,1173,916,778,,,,,,,,,,,,,,993,1256,1226,1831,1223,740,709,785,1028,1418,1688,1608,1909,1848,1841,1915,1900,1735,2270,,
Costa Rica,23601,,20352,17670,,16819,13035,,13939,16357,16621,15812,19460,,,26555,26470,27186,,28153,29402,29530,,,,,,,,,,,,,,,,,,,,,,1311,5034,3858,3219,6948,,,,
Caribbean small states,30430,30855,28126,27841,23734,35728,42044,32465,33044,33157,39449,35976,28515,27584,28782,28705,29085,18867,21979,16825,25161,31499,32281,33920,33165,31689,31502,31659,28762,27456,24781,27362,34344,35047,27461,31243,32561,35148,32291,32650,30361,29451,,,,,,,,,,
Cuba,,,40715,30366,23557,,,,,,6154,30384,43103,42906,54941,59338,51352,38138,35013,33238,36772,39414,30122,26197,15399,17071,5008,5764,6019,1463,209,,,6007,6885,12318,18331,11062,11638,4972,2076,4282,7952,7601,19728,22410,20439,15641,7408,2399,,
Curacao,,,,,,,,,,,,,,,,,,,,,,,,,,,,,,,,,,,,,,,,,,,,,,,,,,,420,
Cayman Islands,,,,,,,,,,,,,,,,,,,,,,,,,,,,,,,102,62,224,,271,353,203,104,192,,,291,293,345,,,,,238,,,
Cyprus,,8167,8466,8292,8275,10694,11428,11704,11302,10936,11002,9798,10924,10702,10568,10372,8818,7519,7128,7361,8071,8280,9182,793,983,1243,1220,1273,,,765,759,430,291,205,,,,,,,,361,563,739,426,538,434,100,,,
Czechia,,,,,,,,,,,,,,,,,,,,,,,,,,,,,,,,,,,,,,,,,,1286,1261,3043,2302,,,,,3607,,
Germany,,,,,,,,,,,,,,,,,,,,,,,,,,,,,,,,,76270,61225,41400,31543,31405,26072,38734,44980,34548,35399,50194,54475,50187,31346,12033,,,24551,,
Djibouti,,,,,,,,,,,,,,,,25195,25832,27653,29815,31735,32939,,33236,35273,35549,36116,37297,39496,,41055,41303,39088,37803,,35262,34723,33340,31725,25471,26183,,21661,,21663,16916,20451,21832,20384,18804,16105,15489,
Dominica,,,,,,,606,763,,1308,1171,1509,927,,,,,,,,,,,,,,,,,,,538,382,544,598,712,760,802,716,436,,,,,,,,,,130,31,
Denmark,,,,,,,,,,,,10832,8739,4841,2201,3135,2637,2559,2342,4453,4518,3193,4241,4879,2000,3149,3071,,,,,,,,4928,3060,2563,1374,1669,2379,2771,2347,1558,595,1455,181,,,2294,2191,,
Dominican Republic,,,,,,,,,,,,,,,,,,,,,,,,,,,,,,84228,75970,,21342,40086,91755,84791,95303,53616,75667,,11507,21313,29454,32802,44199,23802,27258,31967,34506,25795,27230,
Algeria,,,,283516,228570,199841,178209,167812,165481,178197,168695,173949,190165,217328,209682,219631,214420,202063,190803,179905,178517,150340,137872,164060,180511,185079,208895,232013,,192033,181010,133845,111049,101506,83795,74041,65186,61099,36415,,,,,,,,,,,,,
East Asia & Pacific (excluding high income),,,,,,,,,,,,,,,,,4644796,3302656,2205410,1530088,1889931,1829677,2392006,3199181,4234563,5844978,7267907,8395577,6939820,5058684,4684781,4203764,4138336,3921315,4161528,4140659,4689581,3674056,3565368,3204391,3242783,3325793,2941935,3216874,3007945,2846112,2769539,2603476,2541353,2662568,2637559,
Early-demographic dividend,25060436,25323072,24513488,23360840,23738088,23525144,23246824,22383702,23130992,23024684,22479010,21765920,21137782,20780556,20805682,21027232,20889240,21402838,20893880,19948042,20287600,20479524,20966898,21106124,20974976,21597518,21507906,22036644,21907852,21670312,20185638,19774676,19774968,19325774,17015768,14993717,14233646,11709026,12252080,13031598,12552132,13404868,11824072,10529902,11705159,12016729,11337713,11340633,10696217,10340188,11091702,
East Asia & Pacific,,,,,,,,,,,,,,,7310687,5907589,4742330,3361772,2240473,1560966,1931231,1911435,2505435,3342925,4358814,5983170,7425678,8591007,7160193,5288766,4897495,4387032,4323044,4093883,4324425,4262649,4803490,3779825,3664032,3303858,3334043,3436527,3078940,3364001,3144912,2942901,2881800,2730678,2651122,2755500,2730572,
Europe & Central Asia (excluding high income),,,,,,,,,,,,,,,,,,,,,,,502735,578616,630104,789077,700951,708455,633838,544456,618175,504551,352125,270426,247378,440357,474349,456671,351987,414393,357602,349488,365977,315955,367532,350182,359799,347159,366032,384573,468824,
Europe & Central Asia,,,,1754118,1697256,1634258,1539082,1491451,1453544,1417589,1392274,1530138,1540192,1639333,1544105,1525503,1363123,1240373,1120665,1160469,1157131,1060903,1130487,1140698,1158658,1274868,1117309,1065298,749969,698117,781777,686001,626715,561346,566078,670983,700800,689362,546490,629519,554943,532861,555296,482884,564033,514891,514602,514375,558372,588993,671899,
Ecuador,,102807,,105339,104706,113701,114025,96989,87102,66786,77572,,,,,,,,,,,,,,69925,66495,57572,36686,34858,38096,31614,21337,,,,26947,21193,,66172,,,,,,,,,,,,,
Egypt Arab Rep.,,633660,626662,643574,,,,,700293,,,,,,,,,,,,,,,,266398,,,259539,,446269,383799,360749,336974,305308,289820,,,,,,,,59251,,,,,,,,,
Euro area,589929,595958,598890,597573,510453,467035,424709,404031,394471,378656,364374,373332,391151,458753,467157,451889,361785,328041,308517,293424,301441,314381,351923,331496,319556,270979,198881,183895,53844,89252,93032,111740,186301,182367,174982,92003,82647,66637,81170,95050,90550,76361,98433,111777,142989,118133,106607,119017,134294,143325,142112,
Eritrea,,,,,,,,,,,,,,,,,,,,,,,113188,,113963,114719,113515,112171,,94757,79780,73295,54694,38062,26122,17040,14987,26389,33622,43744,53274,50344,49017,66332,75309,88279,,115702,117424,,,
Spain,,134504,116098,98210,,,,,27416,29150,,,,,,,,,23126,13562,10415,,6484,,,,,,,,,,,,,,,,,,,,,,,,18911,43541,50956,46003,,
Estonia,,,,,,,,,,,,,,,,,,,,,,,,,,8115,5863,,,,,,,,854,674,523,,,,,,,381,742,1085,1235,1196,1060,1345,,
Ethiopia,,,,,,,,,,,,,,,,,,2257608,2295837,2444625,,,,,3485383,3454478,3307403,,3047094,3019596,2901206,2763405,2733885,2811921,2811809,2273158,2109554,1833722,1493072,1613536,1788036,1500656,1415709,,880532,911879,,,,,763550,
European Union,799358,802067,795703,830840,764575,740617,714349,712081,732424,741860,710722,745291,739041,814335,816974,842327,747439,688253,666072,682534,706963,760038,800012,714289,619365,558065,479331,398571,166351,221823,226686,234525,310059,306041,319751,228661,230963,236041,199481,221208,202418,191751,205191,196469,235946,215967,222325,248441,281774,295409,291210,
Fragile and conflict affected situations,,,10971677,10975297,11438625,11551492,11520434,11382168,11153459,10789453,10452950,10012158,9887042,9865178,10120516,10649203,11342919,11962174,12503856,13178857,13840526,13751672,14249295,14648907,14858161,15003911,16006798,16064898,16327837,16730829,16146060,15753112,15397338,15000383,14684302,14042774,13568550,12505360,12424277,12437492,12703727,12023149,12083299,11973452,12444541,13070009,13316364,13463678,13131735,13993940,14310089,
Finland,,,,,,,,,,,,,,,,,,,,,,,,2446,2878,3463,3814,2666,747,,,,612,1809,3640,4597,5843,4427,3266,2915,2400,1846,901,1188,919,1118,1426,2287,2799,4141,,
Fiji,,,,,,,,,,,,,,,,,,,,,,,1968,,1796,2724,3763,3523,3117,3467,2992,1231,,649,,,,,,554,,,,811,,302,,,,,,
France,,66783,71028,,,,,15864,,26376,22636,,53922,102812,,106084,45629,,,,,,15330,42966,42454,19353,,2133,,64794,72517,73823,75192,79580,81089,,,,11188,19927,25514,8639,14744,17614,32595,12578,6482,,,,,
Faroe Islands,,,,,,,,,,,,,,,,,,,,,,,,,,,,,,,,,,,,,,,,,,,,,,,,,,,,
Micronesia Fed. Sts.,,,,,,,,,,,,,,,,,,,,,,,,,,,,,,,,,,,,,,,,,,,,,684,1067,673,,,682,1259,
Gabon,,,,,,,,,,,,,,,,,,,,,,,,,,,,8148,,,,,,,,,,,,,,,,,,,,,,,,
United Kingdom,,51658,74636,104029,120308,124313,123136,111602,107340,98775,59781,61448,82531,113647,116785,139607,102605,45269,10287,,,45340,78586,,,,,,,,,,5717,,15196,,13248,53893,20715,38076,33662,35227,32221,3478,,,6361,7128,12844,25377,,
Georgia,,,,,,,,,,,,,,,,,,,,,,,,,,12984,3576,,,,,,,,,,,,2957,5307,,4206,1211,,427,,3577,,,,1921,
Ghana,,,,,,,,,,,,,,,,,,,,,,,,,,,,,,605029,489610,591960,538052,564741,,499234,487691,398499,304515,300154,,155835,,,,,,56903,84794,26649,155175,
Gibraltar,,,,,,,,,596,626,,614,563,,,,,,,,,,,,,,,,,,,,,,,,,,,,,,,,,,,,,,,
Guinea,,,,,,,,,,,,,,,263827,255102,276304,295500,301436,314382,330252,328195,,,,,,,320717,321261,319521,308608,263866,250673,237675,234654,230351,220419,233896,227430,199210,175736,182407,167548,136334,,142323,,,,80822,
Gambia,,24469,25498,25959,26892,27415,27504,24936,23437,22054,20357,16371,14759,13629,14015,12967,14102,,,,,,33093,32120,,,31963,,36662,29192,35676,38632,42692,42466,44680,49133,43955,42339,49586,,48294,50878,48503,50114,52814,44905,43895,41254,39679,36013,34840,
Guinea-Bissau,,,,,,,,,,,,23402,16100,,20787,22463,,33127,35588,,,,,,,,,,,,41500,,,,,,,,,,29854,,,,,,,,,,,
Equatorial Guinea,,,,,,,,,,,,,,,,,,,,,,,,,11633,,,,,,9971,8597,9543,11478,,,,,29825,32063,34145,35091,35655,,,42800,,,,,,
Greece,,37327,35661,31297,24770,24259,24802,28119,31484,35042,41001,34442,32236,28360,28520,29058,33481,43168,39565,41184,40723,41198,49003,54344,53781,48766,45084,38599,11497,8182,3530,8399,7183,7516,6916,10700,10849,11701,,,6393,6139,4937,4392,8097,5996,4480,4374,5390,3778,,
Grenada,,,1961,,,,,196,,,196,711,985,994,809,,,,,,,,,,,,,,,,,,,,,304,,,,,,,,,,,,,,,,
Greenland,,,,,,,,,,,,,,,,,,,,,,,,,,,,,,,,,,,,,,,,,,,,,,,,,,,,
Guatemala,238437,237349,239682,,246754,247014,,,255636,,,243826,275243,256805,,,,,,,,,,,,,,231120,,126258,112844,129644,106481,,69639,58764,45873,40100,44528,,,57729,93399,121485,144170,146694,153545,141185,129292,130153,131945,
Guam,,,,,,,,,,,,,,,,,,,,,,,,,,,,,,,,,,,,,,,,,,,,,,,,,,,,
Guyana,,9027,8101,,6758,,9255,5943,,8402,,,7829,,,,,,,,,4055,5140,6118,,4998,5756,,,,,,,3813,,,,,872,3646,1218,,,,,,,,,,,
High income,4250116,4243133,4288651,4040833,4136479,3949846,3622285,3505134,3415582,3379846,2270775,2319643,2131096,2405012,2568184,2506326,2174291,1872648,1688679,1542770,1433910,1469829,1690654,1773093,1837786,1667261,1732329,1792364,1207114,1143638,1168992,1191581,1305297,1263309,1189402,872097,856362,716211,583385,800755,718740,758097,741309,764621,738387,548857,381195,463520,502017,585309,646714,
Hong Kong SAR,,34048,30408,30121,24167,18725,16701,13031,13962,13134,2141,2504,5858,7233,8853,11805,,,,,,,,,,17830,16011,,,,,,,,,,,,,,,,,,,,,,,,,
Honduras,,,,,,,,,,77159,77652,,47056,45403,44289,,52211,,,,,62877,,59953,,,,,,,79411,,,59070,61359,90992,69964,103836,85864,93461,87059,83708,104763,123641,126217,,,,,,,
Heavily indebted poor countries (HIPC),,,10631091,10759969,10944756,10827007,10723982,10663190,10671435,10724873,10637004,10650574,11055797,11185291,11574815,11935910,12321416,12935005,13433158,14158736,14909702,15047783,15783597,16347380,16485498,15937237,16233376,15649107,16080731,16701851,16276209,15695941,14741973,14006982,13363902,12536771,11768955,11133351,9894350,10141774,10504008,10095187,10204803,9954122,10067119,10451670,10377296,10481587,10581406,10679989,11023545,
Croatia,,,,,,,,,,,,,,,,,,,,,,,,,,,,,18281,8079,6318,2223,,,,,,,3777,8385,5615,3465,,,,,,,,,,
Haiti,,,,,,,,,,,,263820,239685,228648,250688,232044,233534,293366,,,,,,,,,,271092,,,,,,,,,,,,,,,,,,,,,,,,
Hungary,,,,,,,,,,,,,,,,,,,,,,,,,,,52078,31370,3518,2562,8146,6184,4875,7060,7393,4991,3927,5502,3669,3133,3722,5309,6428,6455,6104,5685,4297,4803,8614,10298,,
IBRD only,25067084,25727108,25506508,23621616,23153318,22550008,22189952,22300396,24004544,23721876,22753836,21681300,21325630,20836666,19823042,18463252,16850162,16145851,14798528,13116550,13033334,13126212,13964203,14400154,15225148,17165978,18328420,19865810,18042790,15277898,14208679,13504405,13248889,12638646,11555224,10536736,9844611,7137926,7691775,8789231,8273613,9225353,7544776,7142443,8692064,8420270,8433149,8314549,8064057,8172220,9029930,
IDA & IBRD total,44125808,44916812,44345432,42131544,41939304,41285380,40958304,40820232,42529176,42006792,40923276,39710456,39426816,39133720,39183696,38732944,38286056,38582168,37699616,37020632,37939348,38212960,39656936,40585148,41779584,43707280,45870944,46807056,45327956,43074128,40798784,39313376,37945808,36092884,33396960,31276114,30785150,26354892,26879364,28029136,28137816,28858564,27553696,26656328,28133256,29100570,28595896,28768934,27579304,28337034,29546572,
IDA total,,,18839376,18510548,18787960,18738142,18770808,18521632,18525370,18284992,18169670,18029716,18102730,18298144,19360980,20270052,21437468,22437824,22903350,23905932,24908968,25091544,25704072,26205956,26576072,26556900,27554118,26958442,27298612,27806368,26597844,25816744,24705920,23470504,21849672,20749960,20944420,19218002,19187612,19239816,19864220,19633126,20008630,19516720,19444850,20682706,20163650,20455268,19516214,20166488,20517492,
IDA blend,,,,,,,,,,,,,,,,,,,,,,,,,,,,,8586266,8411993,8015697,7907212,7984794,7791748,7013491,6948634,7919805,6643582,7829139,7667704,7806898,8054151,8350326,7911825,7601682,8415570,7968022,8168971,7388563,8111652,8303603,
Indonesia,,2318790,2275244,,2215170,2272410,2050853,,1117562,,,628708,,,,,,64015,,66962,304802,438234,536174,718043,619613,621753,851083,849363,,,,418627,551569,578626,681910,746392,564999,186422,425944,303066,434529,720353,648387,966571,909343,,608103,428719,482011,,,
IDA only,13327861,13374971,12986375,12608032,13040664,12898617,12775802,12680743,12711989,12889961,12911782,13083482,13434050,13577439,14370849,14903409,15384856,16023409,16017824,16690293,17530532,17526024,18090196,18644300,18779442,18368808,18632788,18198714,18698900,19384236,18574408,17901758,16712124,15662491,14828245,13790744,13020735,12573383,11358451,11572200,12057306,11579059,11658595,11602060,11839511,12264730,12194724,12285414,12126683,12053162,12213038,
Isle of Man,,,,,,,,,,,,,,,,,,,,,,,,,,,,,,,,,,,,,,,,,,,,,,,,,,,,
India,,10100315,,,,,,,,,,,,,,,,,,,6821828,,,,,,,,,,6373315,6878720,7353998,7008258,,,,1999230,2785734,3981236,3417648,3904269,2587681,2025529,,,,,,,4108190,
Not classified,,,,,,,,,,,,,,,,,,,,,,,,,,,,,,,,,,,,,,,,,,,,,,,,,,,,
Ireland,,5147,6302,6106,8399,9189,8541,8256,8957,10939,13996,18377,22678,26429,,,30240,28635,26535,25699,24898,25325,26559,26751,26027,24661,22196,,,228,,778,,,,,,,,,,,,,,,,,,,,
Iran,,,,,,,,,,,,,,,261759,309974,329222,354427,390266,437841,180772,,68660,,,,,298863,,563065,512893,,17998,65679,7306,97843,78413,130213,,50906,87749,83600,45406,,,,,,,,,
Iraq,,172138,151903,134436,120520,161554,75517,94795,102783,21341,16537,44873,,105479,,104395,97983,70320,68181,63488,,,,279715,,,339931,,,68743,95686,,,,24172,,,37653,,,,,,,,,,,,,,
Iceland,,,,,,,,,,,,,,,,,,,,,,,,,404,,373,288,27,,,,,130,374,337,361,343,173,,147,209,297,242,206,202,60,,,,,
Israel,,,,,,,,,,,,,,,,,,,,,,,,,,,,,,,,,,,,,,,,,,,,,,,,,,,,
Italy,,,,,,,55165,,,12201,,,,,,23118,,,,,,,,,,,20641,11753,,,,,,,,,,,,,,,,29,10448,20839,28629,34673,43567,48425,,
Jamaica,,,,,,11078,16141,15469,,9150,9619,8536,,7123,9137,10035,9422,3296,9479,4262,4859,7745,,10959,,,,,,15027,12529,12648,14755,17152,13256,16327,,,,,,,,,,,,,,,,
Jordan,,,11515,3296,,,,,514,2894,18279,25978,27334,36876,38604,40152,,,,,,,,,,,,,,39639,37390,,30707,26757,27397,30512,39690,51615,64243,,94489,111265,132189,144211,,,152979,133448,129267,128140,139470,
Japan,,48535,72600,99980,182092,125564,71129,44807,66990,53446,,25129,88881,112109,99237,43480,,,,,,44090,61691,,32415,,,,89371,96897,,,,,,,,,,,,,,,,,,,,,,
Kazakhstan,,,,,,,,,,,,,,,,,,,,,,,,,,,,,,,38463,,1840,,,,5364,5590,,,,,,,,,,,,,76826,
Kenya,,,,,,,,,,,,,,,,,,,,,,,,,,,,,,1045323,990672,772073,760466,462009,534579,551122,606656,292730,450645,364751,,,761042,,,,,,,,,
Kyrgyz Republic,,,,,,,,,,,,,,,,,,,,,,,,,,,14243,,,12940,15555,12335,12572,12931,2892,8356,4914,7158,8109,9704,7741,8299,2514,,,,,,,,,
Cambodia,,,,,,,,,,,,,,,,,,,,,,,,,,,,106325,92085,83903,17745,,,,,,41216,22540,32471,,50899,,,,33346,53870,68211,90046,94844,97232,111873,
Kiribati,,,,,,,,,,,,,,,,66,203,345,,94,,,,,,,,,,,,,,,,,,,,,,,,,,,,,,,,
St. Kitts and Nevis,,,,,,,,,,,,,,,,344,364,,,,,,,,,,,,,,,,,,,,,,20,,,,,,,,,,,,,
Korea,,66660,31317,53991,67724,68042,47186,76682,71968,30828,,,,,27625,43209,49244,18058,,,,,,,,,,,,,29232,44633,48506,27445,27028,,,,,7245,,,35411,69643,60305,21098,38639,33524,12706,,,
Kuwait,,14373,15214,14099,13269,13062,13759,11836,4710,6280,10246,10544,10538,9191,8063,5339,5358,10683,13461,,,,53364,,26089,,4491,3897,,1401,6986,10571,8997,,,9424,,,,,,,,,,,6144,,,,,
Latin America & Caribbean (excluding high income),2969526,2973343,2936459,2817899,2716686,2730080,2640041,2476869,2391308,2041849,1990724,1822940,1828637,1853713,1902933,1845072,1930424,1944045,2079080,2348404,2284818,2286934,2000123,1833563,1900435,1871001,1707969,1859519,1172152,813766,715471,639689,516849,609309,711990,726875,689214,659862,538390,689943,754916,886594,933195,844250,898948,882822,885566,823513,777971,744165,800294,
Lao PDR,,,,,,,,,,,,,,,,,,,,,,,117207,104383,94948,,97489,92025,82148,83115,81351,85013,80931,70534,69489,64223,56729,46349,37565,30401,12803,15667,15593,9081,8742,16141,19003,26278,30203,29802,29449,
Lebanon,,,,,,,,,,,,,,,,,,,,,,,,,,,,,,,,,,,,,,,,,,,,,,,,,,,,
Liberia,,,,,,,,,,,,,,,,,,,,,,,,,,,,,,93576,,,,,,,,,156616,,,,,,21442,,,82261,,,,
Libya,,12602,2689,,,,,,9981,,,2056,,,,,,,,,,,,,,,,,,,,,,,,,,,,,,,,,,,,,,,,
St. Lucia,,,,,,,,,,,,1566,1159,,,,,,,,154,,,,,,,,,,790,666,,,389,551,325,396,,,,,,,,,56,180,204,,453,
Latin America & Caribbean,3253914,3263637,3226359,3112024,3036621,3046345,2924838,2750038,2653914,2305810,2247579,2042981,2049626,2087569,2165445,2095358,2190070,2221497,2365391,2627799,2540714,2484622,2180840,2029201,2136901,2148562,2028196,2368581,1452586,1092108,958124,853772,676015,799594,862995,888993,841503,778188,687175,820559,866085,1007921,1039251,968152,1063357,1043339,1075918,1030082,972948,930088,984502,
Least developed countries: UN classification,12818527,12859854,12459611,12079876,12471237,12299167,12180783,12069147,12080159,12255207,12263501,12479414,12862462,12982355,13749073,14307904,14722768,15372669,15336812,16009853,16822560,16895168,17471256,17996216,18137528,17680472,17913432,17494764,17966990,18625260,17886704,17154646,16028558,14812716,13956757,12876852,12068589,11713895,10555031,10753451,11319007,10912326,11003672,10725244,10977346,11603918,11754542,11900756,11855598,11892263,11930725,
Low income,,,8331491,8405071,8535402,8532255,8547901,8506282,8687955,8785522,8700323,8700400,9041781,9110111,9327927,9591080,9850616,10305690,10633494,11227639,11795115,11908991,12540812,12979002,13024648,12410063,12650559,12173912,12541204,13092422,12878054,12498255,12137375,11584621,11119886,10482241,9993518,9597821,8587444,8593582,8909783,8485432,8625029,8468409,8752341,9227150,9354907,9445055,9436428,9671260,9815689,
Liechtenstein,,,,,,,,,,,,,,,,,,,,,,,,,,,,,,,,,,,,,,,,,,,,,27,,,,,,,
Sri Lanka,,,,,,,,,,,,,,,,,,,,,,,,,,,,,,,,,,3934,,22976,25550,28369,35405,53184,37796,35434,33379,22275,14974,,,,,,,
Lower middle income,26436624,26637104,25947116,24933516,25215438,24826152,24466864,23158262,23142204,22906114,22184246,21602332,20869048,20536332,20723354,21391756,21777778,22697420,22462718,22236192,22716168,23074280,23405342,23205152,23019896,23826698,24585448,24996976,25377556,25133360,23425088,22848504,22557474,21674192,19359988,17791702,17075076,13846217,15502154,16399195,16087312,17030132,15662215,14944554,16135443,16776394,15984534,16022375,14909511,15258297,16193150,
Low & middle income,43834152,44623092,44075228,41861344,41638476,40974064,40672648,40538608,42251908,41731688,40670648,39534384,39287304,38979520,39012176,38576224,38111076,38375352,37480932,36780684,37702100,38031404,39477116,40411344,41549328,43409108,45521636,46293696,45064868,42802880,40561704,39110832,37788644,35899372,33234956,31105708,30637848,26240720,26738024,27900144,28037856,28765968,27492150,26591286,28058372,29045196,28517342,28674604,27496736,28271184,29482764,
Lesotho,53600,,58371,58847,53143,,55631,56969,65247,66620,67535,68603,65316,67658,68334,66574,67722,67306,67072,69865,73730,72464,73079,77966,76281,76635,77890,,89209,92805,52967,48472,42041,36133,34109,29948,25166,26404,23582,22705,18463,17741,17719,16594,15859,12787,9258,4299,,,,
Late-demographic dividend,,,,,,,,,,,,,,,,,5238782,4195153,3148651,2680806,2749772,2769778,3137268,3675445,4691591,6110596,7205358,8347285,6629668,4276874,3991182,3612796,3189325,2843257,2967788,3047556,3653601,2848243,2420373,2648474,2640698,2691841,2432212,2368124,2367252,2307354,2355089,2275626,2104706,2297863,2380315,
Lithuania,,,,,,,,,,,,,,,,,,,,,,,,,,,,,4178,,,,,42,,,,,,,,,,,,,,,,,,
Luxembourg,,,1517,1756,1304,1445,1494,1687,1697,,,3006,2218,2242,2404,,2376,2809,2070,,,,,,,,,,,452,658,443,400,770,673,364,276,249,412,,936,1042,700,797,524,209,,,,,,
Latvia,,,,,,,,,,,,,,,,,,,,,,,,,,,,,,,,,,,,,,,,523,529,461,927,1222,1341,1424,1293,1187,981,949,,
Macao SAR,,,,,,,,,,,,,,,,,,,,,1503,,2692,,,,,,,2234,2440,2989,2710,2655,2401,2327,2469,2030,2008,2216,2204,1990,1763,1558,1062,606,322,346,446,128,481,
St. Martin (French part),,,,,,,,,,,,,,,,,,,,,,,,,,,,,,,,,,,,,,,,,,,,,,,,,,,,
Morocco,,,,,,646969,612823,550679,502116,468797,431066,394298,398983,370431,334036,364979,404525,451007,496610,552907,558462,688495,700551,669594,627246,575172,530943,499763,541929,306232,276309,253341,231740,208321,212382,197487,169693,142777,138291,171184,111117,96170,109215,85243,99661,,81091,43383,,,,
Monaco,,,,,,,,,,,,,,,,,,,,,,,,,,,,,,,,,,,,,,,,,,,,,,,,,,,,
Moldova,,,,,,,,,,,,,,,,,,,,,,,,,,,,,,,,,,,,,,,,,,,,,,,,,,,,
Madagascar,,,161304,,,,,,,,,,,,,,,,,267580,288753,,,,,446330,411354,,,371547,364910,364088,372183,266025,,,,,,,,,,,,,,,,,,
Maldives,,,,,,,,,,,,,,,,,,,,,,,,,,,,1279,,635,742,,395,,,,,,,,,,,,,,774,1217,1274,835,,
Middle East & North Africa,2775233,2859610,2670552,2634158,2613849,2532904,2374338,2320907,2282727,2390457,2280829,2370276,2362629,2385450,2296786,2379063,2392400,2372548,2425358,2549780,2263002,2296258,2627235,2702584,2588658,2754638,2605015,2621223,2749619,2661705,2478376,1944053,1650124,1548688,1398623,1489680,1550891,1342468,1204804,1043451,849567,912032,703995,906159,1036105,1042536,1081386,1066268,1052529,1108965,1123942,
Mexico,,840881,,,,,,,,,,,,,,,,,,,,,,,,,,248792,203715,,,,,,,,,,,,,,,,,,,,,,,
Marshall Islands,,,,,,,,,,,,,,,,,,,,,,,,,,,,,,,,,,,,,,,,,,207,,,,1263,1215,,,1162,1346,
Middle income,35858808,36495608,35743736,33456276,33103074,32441812,32124746,32032324,33563952,32946168,31970324,30833984,30245524,29869406,29684246,28985144,28260460,28069662,26847436,25553044,25906984,26122412,26936304,27432340,28524680,30999044,32871076,34119784,32523664,29710458,27683650,26612576,25651268,24314752,22115072,20623468,20644332,16642898,18150578,19306560,19128072,20280536,18867120,18122876,19306030,19818046,19162436,19229550,18060308,18599924,19667076,
North Macedonia,,,,,,,,,,,,,,,,,,,,,,,,,,,,,4838,4831,978,2145,2857,3461,2847,2906,3962,3564,5474,4356,2335,,4926,5665,4914,3214,,659,353,,,
Mali,,347795,,,,,,,,,,,,,,,,,,,,,,,,,,,,425375,,,392343,404263,439146,380465,382670,373768,,317554,321999,326859,375128,,469115,531456,524023,465237,631173,,,
Malta,,3661,3684,3967,3708,2933,1790,1020,308,197,502,747,1038,1105,1043,527,726,946,1074,1000,855,715,630,532,767,527,476,413,,,,,,,,,,,,,,,,,,,,,,,,
Myanmar,,664403,,531532,778336,,,,730836,,,,,,,,,,,,,,,,,,,,,,228845,201050,266946,225174,263954,281842,275675,423998,252921,266257,273482,,,,,,,,,,,
Middle East & North Africa (excluding high income),2491648,2563324,2366150,2320486,2291530,2204451,2032695,1972313,1927600,2013410,1886488,1956265,1934285,1941958,1844981,1914921,1919260,1891488,1930444,2039171,1733568,1735397,2055871,2135271,2031997,2225356,2103006,2137555,2293017,2227727,2054761,1534013,1266489,1188651,1064223,1177575,1272116,1117944,1018970,902070,783900,845560,680824,850922,988920,1025825,1051028,984545,951054,,,
Montenegro,,,,,,,,,,,,,,,,,,,,,,,,,,,,,,,,,,614,,503,328,750,762,,,,790,,,967,960,590,,,,
Mongolia,,,,,,,,,,,,,,,,,,,,,,,,,,17982,15022,20383,16246,13306,10439,8733,9392,16673,7868,10600,3966,1140,,,,,302,3454,4070,2373,,,,,,
Northern Mariana Islands,,,,,,,,,,,,,,,,,,,,,,,,,,,,,,,,,,,,,,,,,,,,,,,,,,,,
Mozambique,,,,363644,,,,,,359595,,398077,415180,298606,,295408,310428,422261,,469603,,472867,500508,521121,519862,506054,,,695166,657425,615251,559699,686462,,482896,400724,341368,245410,188186,183689,160555,231020,233811,209883,198421,155357,199898,241463,134743,32478,,
Mauritania,,,,,,,,,,,,,,,,,,,,,,,,,94139,83805,80786,,80618,84409,84871,77306,81240,75910,61860,67476,62199,62108,73665,76526,77583,79087,86073,78288,74126,,89421,76737,69108,85497,,
Mauritius,,,17918,16954,15651,14089,13438,10664,12284,14269,14016,11794,7518,5336,3427,,1176,,,,2140,5011,,4754,3961,3360,1840,1300,,,,,,,1461,694,,,,977,,,2943,1814,,,,,,,,
Malawi,,,,,,,,,,,,,,,,,,,,,,,,,,,,,,,,,,,,,,87040,,,,,,,,,,,,,,
Malaysia,91467,107947,98795,,,,,,,,,,,,,,,,,,,,,,43143,,,,61421,36646,26459,35296,54332,46692,11156,8573,98846,98176,86685,93106,65132,57063,29181,,470,,,,,23604,27915,
North America,,,,,,,,,,,,,,,,1063179,848616,641556,501379,346696,207581,144204,255484,378433,504069,388677,530103,422984,317730,239419,276027,315748,354153,329922,300866,140669,178135,102653,61142,289218,319673,344330,339054,340391,299423,218899,37316,47051,67356,126297,188680,
Namibia,,,,,,,,,,,,,,,,,,,,33442,33704,,30150,,,,,,25202,24967,21680,18424,15055,14531,18590,18376,22426,18208,17981,16583,14764,,8490,,,,,,,,,
New Caledonia,,,,,,,,,,,,,,,,,,,,,,,,,,,,,,,,,,,,,,,,,,,,,,,,,,,,
Niger,,,,354851,365004,,,,,,,,,,,,407635,,,461591,480042,491686,523622,,,,,578982,596261,603375,621985,604539,582479,565477,549018,581677,593935,609562,599744,575322,541802,494477,506858,539085,569041,562414,566897,539592,,760498,,
Nigeria,,,,,,,,,,,,,,,,,,,,,,,,,,,,,,3033289,2773712,,,,2951925,3005721,3101169,2457076,3473187,3477155,3646385,,,,,,,,,,,
Nicaragua,,103409,,107586,,,,,,,103392,,114273,117255,124634,119623,126372,124135,128273,137543,130246,122661,114038,112146,109022,116738,,,,78023,66761,50671,21013,,,,13258,14451,11207,,19224,,,,,,,,,,,
Netherlands,,60832,65910,71569,77178,78463,71600,69454,65511,61081,59211,61835,73491,83960,89198,89200,53510,42482,33817,30972,32507,36312,39479,45672,4864,3602,2098,472,,,,,,,,,,,,,,,,,,,,8082,,,,
Norway,,,,,,,1207,,2631,3603,,3627,4125,,5436,6942,6436,5479,3823,2156,510,,642,2396,2689,2897,2962,32054,,,,,,395,1632,3653,3854,2220,1630,1967,2076,1274,,,100,,,,,,,
Nepal,,,,,,,,,,,,,,186978,188690,,,,144291,,,,,,,,,,,405154,326292,,,254420,250291,,,,,,,,,,,,,,,,,
Nauru,,,,,,,,,,,,,,,,,,,,,,,,,,,,,,,,,,,,,,,,,,,133,,,,,,,,45,
New Zealand,,,,880,512,,,,,,,,,640,,,,,,,,1363,3636,,4876,2797,1654,,,,,,,,,,,,,,,,,3536,4028,3928,2600,,,,,
OECD members,5407134,5405881,5404684,5075194,5103438,4953702,4554979,4297063,4143196,3783488,2589497,2513920,2331692,2575633,2688910,2676618,2361099,2083143,1951760,1974716,1704470,1723729,1643259,1722612,1785522,1594318,1617623,1643150,968281,677973,683292,698341,814409,856321,921232,549684,556924,467371,407091,760205,778717,875803,1007774,1038261,998259,783219,654741,642309,645895,676341,752688,
Oman,,,,52088,49433,44556,46630,,42787,42348,,42101,42380,43876,40316,43011,42454,40606,44516,45335,46540,48343,48173,46050,46557,44269,37960,38275,35162,31093,28953,27303,25815,26740,,,,,,,,2862,,,,,,,,,,
Other small states,278006,290709,288744,285096,275790,264631,257968,255612,266052,273191,271181,262413,250730,253334,253756,249367,260307,268724,280470,298015,325254,333718,350188,355143,345886,351351,350804,353742,348060,349370,312426,299371,288435,284176,282534,279587,264467,262494,264206,260502,247022,233101,235394,239946,241157,236741,237860,231513,233048,232384,233764,
Pakistan,,,,,,,,,,,,,,,,,,,,,,,,,,,,,,,,,,,,,,,,,,,,,,,,,,,,
Panama,33949,24107,21124,18548,,16473,17800,,14966,17931,19517,22130,24063,26057,26462,25849,25298,24596,26624,24560,24250,,,,,,,,,11032,8745,5486,993,,,1332,36,,2138,7464,5463,8123,9475,13256,18866,22301,,29277,,,24260,
Peru,240895,,,,,,,,,,,146259,,,,,,,,,,,,175221,,273671,,,60889,36934,23465,,,45531,,,,,,27286,,17942,,,,,,,,,,
Philippines,,,,,,,,,,,,250059,315377,382245,279829,,271599,228712,205004,139670,27856,,,,,,,,381257,663227,,621548,628038,647405,701351,702377,813757,808541,750146,595173,,,,,225734,215431,232494,209179,236931,185103,222503,
Palau,,,,,,,,,,,,,,,,,,,,,,,,,,,,,,,,,,,,,,,,,,,,,,,,,,,,
Papua New Guinea,,,,,,,,,,,,,,,,,,,,139914,,,,,,,,,,,,,,,,,,,,,,,,,,,27156,,,,,
Poland,,,,,,,,,,,,,,,,,,,,,,,,,,,,,,49263,51264,55628,69626,83287,92575,98289,92286,86388,74744,64396,56490,55922,45139,38601,39525,,,31164,29916,16187,,
Pre-demographic dividend,,,,11680081,11585216,11519104,11469520,11191019,10805500,10325575,10258219,10262413,10465204,10620318,11024956,11639551,12459118,13280822,13999545,14739074,15264350,15443851,16022872,16287792,16602109,16448933,17567386,16834660,17164656,17488432,16980488,16330873,15408346,14256464,13727176,13530320,13153455,11998767,12360254,12453575,13000211,12847343,13339819,13834715,14128770,14818027,14966664,15256639,14901909,15854427,16233505,
Puerto Rico,,,,,,,,,,,,,,,,,,,,,,,,,,,,,,,,,,,,,,,,,20134,24937,22992,22546,,,,,,,,
Korea- Dem. People's Rep.,,,,,,,,,,,,,,,,,,,,,,,,,,,,,,,,,,,,,,,,18324,,,,,,,,,,,,
Portugal,,,,56688,55761,,34306,28540,16323,,19488,17411,,,,,,,,,,5855,,,514,,,,,,,,,,,,,,,,,,,,708,2972,4545,184,,,,
Paraguay,42002,,69461,,,49432,47058,45586,41959,39199,33980,29515,,28994,31313,32931,37107,36554,32876,28900,23533,18131,53024,14962,35988,,26636,,,11476,6306,6849,13747,15680,18210,17133,23486,31204,37526,43177,41942,42576,44247,,,,,,,,,
West Bank and Gaza,,,,,,,,,,,,,,,,,,,,,,,,,,,,,,17953,16873,22453,23711,26744,28383,32499,34299,36048,30244,25518,20453,18844,11291,12540,9160,11070,10641,6126,6982,9036,12186,
Pacific island small states,,,,,,,,,,,,,,,,,,,,,,16001,14891,12048,10910,11087,15795,12375,14037,16101,15636,12741,11386,10890,10460,9952,9326,9590,8047,6834,4562,3397,3870,2709,3625,4790,4008,3936,6190,8516,9112,
Post-demographic dividend,4242508,4227482,4309467,4076692,4147536,3917340,3544604,3388998,3255798,3174784,2029597,2106663,1912297,2161700,2292074,2212453,1842176,1523649,1284350,1112767,975813,895499,1097227,1188218,1229575,1070457,1166250,1041616,752298,698808,720114,695103,770639,815516,790342,499739,544522,465600,391300,639388,627087,645713,687020,688565,697954,557007,379712,428652,456990,522904,581133,
French Polynesia,,,,,,,,,,,,,,654,701,831,,,,,,,,,,,,,,,,,,,,,,,,,,,,,,,,,,,,
Qatar,,978,1062,1095,1194,,1318,873,436,183,,430,,552,830,1554,1927,2143,2658,2914,3371,4976,5948,6755,5537,,,,,,1627,,,,,,3237,,,,,,,4553,4406,2520,1644,1359,1676,2691,,
Romania,,,,,,,,,,,,,,,,,,,,,,,,172076,116627,84245,76889,77710,51001,66618,61696,52300,32228,11502,,748,10160,9950,9640,8470,8610,10955,15087,,,41252,52735,64130,69125,68977,,
Russian Federation,,,,,,,,,,,,,,,,,,,,,,,,,117844,255375,,,,,,,,,,,222621,190491,68613,38306,,,,,90743,54539,30623,,,,,
Rwanda,,,,131427,140972,154887,,152505,150450,,,,,,,,,,,,,,,,,,,,,84033,,,135410,105568,,,,,,,,,,,,,12606,24620,42956,62064,,
South Asia,14300000,14300000,13800000,12800000,13100000,12900000,12900000,12400000,13300000,13600000,13500000,13300000,13400000,13000000,13100000,13200000,12800000,13600000,12800000,12200000,12300000,12700000,12900000,12600000,12400000,12600000,12700000,13000000,13600000,13500000,12700000,13200000,13200000,12500000,10200000,8673035,8186728,6656837,7670601,8924385,8449894,9452175,8201132,7071372,8082457,8679306,8058007,8147556,7233310,7050627,7665335,
Saudi Arabia,,,,,,,,,,308351,,,,,,,,,,,,,,,,,,,,,,,,,,,,,,116076,42318,45125,,,,,17679,,,,93620,
Sudan,,,,,,,,,,,,,,,,,,,,,,,,,,,,,,,,,,,,,,,,,,1098568,1364674,1372295,1414961,1411004,1385360,1216359,1002854,,,
Senegal,,,,,,,,,270191,267075,270500,271293,270791,269589,275612,282381,249924,,267858,,306381,,335182,,,,336908,312019,301576,314154,302398,,,269231,314380,314986,299027,286953,291210,299801,300469,302847,285500,305877,309549,325841,,,,407132,408979,
Singapore,,,,,,,,,,,,,,,,,,,,,,,,,,,,,,,,,,,,,,,,,,,,,,,,,326,,,
Solomon Islands,,,,,,,,,,,,,,,,,,,,,,,,,,,,,,,,,,,,9025,7402,7336,,,,,,,,,,,2369,4776,,
Sierra Leone,,,,,,,,,,,,,,157879,,,,,,,,,,,,,,,,,,,,,,,,,,,,,20131,,,10200,,,,,,
El Salvador,105267,,,,,,,,,,,,,,,,,,,,,,,,,,,,92110,,32168,29556,22406,19718,,,,,,,,,,,26255,,,,,,,
San Marino,,,,,,,,,,,,,,,,,,,,,,,,,,,,,,,,,,,,,,,,,,,,,,,,,,,21,
Somalia,,,,,,,234247,272814,324228,363718,394541,,,,,,,,,,,,,,,,,,,,,,,,,,,,,,,,,,,,,,,,,
Serbia,,,,,,,,,,,,,,,,,,,,,,,,,,,,,,,,,,,,,257,1482,1912,4472,7338,4024,5665,5625,2140,1253,1227,1502,2190,2406,3925,
Sub-Saharan Africa (excluding high income),,,,,,14476770,14604834,14417794,14255224,13854296,13570638,13337049,13348716,13608613,14241210,15035796,16048932,16990956,17868724,18046840,18857696,19029158,19657976,20021790,20361704,20125824,20994596,20192624,20390574,20647696,19747860,19014000,18362912,17428392,16867410,15947209,15325862,13675350,13592706,13764962,14448762,13906358,14369087,14291913,14712570,15260949,15393403,15768356,15627014,16457775,16925236,
South Sudan,,,,,,,,,,,,,,,,,,,,,,,,,,,,,,,,,,,,,,,,,,392853,,,,508255,,,,,,
Sub-Saharan Africa,,,,,,14477372,14605601,14418587,14256014,13855200,13571706,13337991,13349559,13609436,14242064,15036531,16049572,16991728,17869596,18047696,18858468,19029816,19658620,20022370,20362204,20126304,20995040,20192894,20390604,20647812,19747944,19014438,18362954,17428412,16867432,15947231,15325931,13675396,13592744,13764988,14448762,13906358,14369087,14291937,14712602,15260978,15393462,15768452,15627118,16457861,16925288,
Small states,324397,335245,329083,326428,312710,312303,310535,298550,310122,319197,324757,314195,297140,300036,301354,298098,308741,306298,320655,332414,367450,381219,397361,401112,389961,394127,398101,397777,390859,392927,352844,339474,334165,330113,320455,320782,306354,307232,304543,299986,281945,265949,267669,270750,273125,268045,267561,262813,265934,267063,269258,
Sao Tome and Principe,,,,,,,,,,,,,,303,311,,,,721,,314,,,,,,,,,2272,,,284,239,108,100,,1463,1329,1503,1536,,,1954,1870,1793,,1063,,,,
Suriname,,,,,,,,1739,1023,,,,,,,,,,,,,,,,,,,,,,,,,,,5766,5268,5801,4172,3399,3892,4562,4337,4432,4779,4006,3653,5019,4961,4470,4301,
Slovak Republic,,,,,,,,,,,,,,,,,,,,,,,,,,,,,,,,5208,9517,10511,11219,8836,5652,2848,2860,4112,5122,5738,4476,4113,5502,6676,7256,6493,5387,3853,,
Slovenia,,,,,,,,,,,,,,,,,,,,,,,,,,3853,2837,2300,1225,1631,2523,1570,1288,841,362,,,416,347,399,359,327,,574,687,,,,,,,
Sweden,,,,,,,,,,,,,13677,,,,,5398,4829,3630,1520,1142,,,,,,,,,,,,1256,9393,14607,15232,10568,2888,,,,,,,,,,,,,
Eswatini,17949,18639,18339,17520,17911,17544,17698,17831,18834,19557,,19026,20317,22706,23302,23382,24608,25141,25985,27799,26855,27043,26082,26561,25210,22266,22632,,,,,,,,,,,,,16846,11133,3786,9613,14249,13891,15323,15389,17918,16087,15101,,
Sint Maarten (Dutch part),,,,,,,,,,,,,,,,,,,,,,,,,,,,,,,,,,,,,,,,,,,,,,,,,,,,
Seychelles,,,,,,,,,,904,,,,,,,,,,,,,,580,501,480,444,,,,,438,43,,,,,,,,,,,,,,,,,,,
Syrian Arab Republic,,52165,,7638,,,,,6986,17302,26943,38026,49773,55175,47957,43399,35774,8463,12011,11811,14545,,,,,,105,13014,3117,,,,,,,,,,,,,,,259499,,,,,,,,
Turks and Caicos Islands,,,,,,,,,,,,,,,,,,,,,,,,,,,,216,,142,104,22,222,451,410,372,,,,,,,,,,,,,,,,
Chad,,,,,,202544,,209927,,,,,,,,,,,251994,,,,,,,,,291649,266130,269593,274000,279609,260755,262371,,,,,,,,318921,,130523,,132382,221475,300374,227216,240215,,
East Asia & Pacific (IDA & IBRD countries),,,,,,,,,,,,,,,,,4628763,3287629,2190620,1514722,1873492,1812217,2373876,3180688,4216073,5826715,7249837,8377449,6921712,5040379,4666183,4184859,4119201,3902084,4142318,4121577,4670737,3655463,3546967,3186144,3215733,3290060,2897739,3164555,2932529,2761956,2677495,2503815,2433918,2556471,2531923,
Europe & Central Asia (IDA & IBRD countries),,,,,,,,,,,,,,,,,,,,,,,,657954,713883,901418,807164,780659,684857,601798,675757,562402,422051,353981,340606,539775,567760,544425,430508,487174,419707,408875,412496,356162,408469,388087,395613,379991,397951,403468,487702,
Togo,,50147,52625,,,,,,27028,27172,28745,,39078,52076,72665,81780,99962,70358,73482,75686,76322,70757,,,92315,59658,27868,38869,,,,509,,1241,,1386,,17247,15525,,,,,,26541,16818,30316,27382,17695,14408,,
Thailand,,,,765656,793913,,,,,,,,,,,,,,,,,,,,,,,,,,,,,,,,8371,20849,38089,41476,,,,,,,,,,,,
Tajikistan,,,,,,,,,,,,,,,,,,,,,,,,,,,,,,,4113,3654,3584,,,,,,,,,,,,3323,4830,4717,,,,,
Turkmenistan,,,,,,,,,,,,,,,,,,,,,,,,,,,,,,,,,,,,,,,,,,,,,,,,,,,,
Latin America & the Caribbean (IDA & IBRD countries),3221287,3228405,3183263,3078696,3010808,3037785,2924234,2749290,2653402,2298065,2224431,1985080,1967842,2006605,2071908,1998301,2101307,2146244,2293335,2557176,2466183,2406774,2111932,1964862,2084728,2095469,1988438,2336259,1420156,1063815,930355,825301,646888,765222,828338,849422,796178,740874,649819,789893,840274,974380,1003711,933921,1017441,995488,1030932,990701,942935,906168,962993,
Timor-Leste,,,,,,,,,,,,,,,,,,,,,,,,,,,,,,,,,,,,,,,12849,7516,8271,5643,7642,7137,7487,6488,6357,4177,5089,6275,,
Middle East & North Africa (IDA & IBRD countries),2482054,2553534,2355999,2309895,2280492,2193018,2020931,1960229,1915253,2000839,1873696,1943227,1920940,1928228,1830800,1900259,1904129,1875871,1914375,2022672,1716619,1717924,2037734,2116352,2012169,2204502,2083260,2119833,2275160,2209774,2037888,1511560,1242778,1161907,1035840,1145076,1237817,1081896,988726,876552,763447,826716,669533,838382,979760,1014755,1040387,978419,944072,,,
Tonga,1024,829,396,,901,240,,,,,,,,903,,305,222,,,,681,,,655,,,,,393,199,,,,,,,,,,,,,,,,,,,,,,
South Asia (IDA & IBRD),14253758,14309474,13819434,12820542,13050560,12873187,12887585,12388237,13329574,13581940,13509781,13329432,13443875,12986834,13058775,13227204,12847844,13577221,12807560,12190832,12322529,12664039,12868403,12642923,12390527,12552870,12747205,12999965,13635467,13510550,12740658,13214815,13151936,12481280,10182427,8673035,8186728,6656837,7670601,8924385,8449894,9452175,8201132,7071372,8082457,8679306,8058007,8147556,7233310,7050627,7665335,
Sub-Saharan Africa (IDA & IBRD countries),,,,,,14477372,14605601,14418587,14256014,13855200,13571706,13337991,13349559,13609436,14242064,15036531,16049572,16991728,17869596,18047696,18858468,19029816,19658620,20022370,20362204,20126304,20995040,20192894,20390604,20647812,19747944,19014438,18362954,17428412,16867432,15947231,15325931,13675396,13592744,13764988,14448762,13906358,14369087,14291937,14712602,15260978,15393462,15768452,15627118,16457861,16925288,
Trinidad and Tobago,,7178,7977,8617,8419,7421,4868,3460,5330,9157,11595,8158,6662,7655,7777,7747,9528,7536,7096,8426,11837,10793,11385,12508,,,11052,11013,,2151,637,947,4730,2839,792,2538,,,1075,49,556,,,,,,,,,,,
Tunisia,,40015,,,,50248,,,48546,46061,37269,33260,24884,12593,1469,1133,,,,497,9214,5987,6751,5130,8040,10762,19382,30827,,34819,28814,19868,,,,13162,15286,18734,15899,12828,,,,,,,,,,,,
Turkiye,,,,,160269,,,,,,,,,,,,,,,,,,,,146293,168005,,140401,,31430,,,,,,,4881,3514,38209,128810,104663,138850,187346,159688,127425,129839,148729,130376,128269,126143,,
Tuvalu,,,,,,,,,,,,,,,,,,,,,,,,,,,,,,,,,,,,,,,,,,,,,60,22,65,,,127,148,
Tanzania,,,,,,,,,,,,561113,686324,745126,,921959,980458,1034581,1098500,1129515,1174898,1227525,1263446,1332071,1414160,1456730,1491427,1519693,1575571,1600837,1517077,1386448,896799,610746,467598,305286,100175,,31765,,341937,,613318,766009,895054,,895289,911042,1053124,962961,1003880,
Uganda,,,,,,,,,,703561,,690384,701887,,,,587419,,,,,,,,,,,,,,,,,,,,,,,185476,321245,222755,,219128,,,,,,,,
Ukraine,,,,,,,,,,,,,,,,,,,,,,,,,,,,,,,,,30714,102375,98205,92588,98891,99601,100263,94801,75722,61389,57427,58950,78411,,,,,,,
Upper middle income,,,,,,,,,,,,,,,,,6482681,5372240,4384719,3316850,3190815,3048133,3530961,4227189,5504785,7172346,8285627,9122805,7146108,4577098,4258563,3764073,3093796,2640558,2755082,2831766,3569254,2796681,2648424,2907367,3040761,3250404,3204906,3178323,3170587,3041652,3177902,3207175,3150796,3341626,3473925,
Uruguay,,,,,,,,,,,,,,,21321,,,,,,,13585,10139,9098,11678,12658,13840,13577,,,,,,,,,,2458,96,,,,,,4344,,,,,1436,,
United States,,,,,,,,,,,,,,,,,,,,,,,,,,,,,,,,,,,,104076,,,,,,,,334205,,214356,36772,,64864,123016,,
Uzbekistan,,,,,,,,,,,,,,,,,,,,,,,,,,,,,,,,,,,,,,78195,63214,66429,54415,46044,28774,17288,2548,,,,,,,
St. Vincent and the Grenadines,,,,,,,,,,,,,,,639,,305,,,,,,,,,,,,,,,,,,,32,,,,,,,,,,,,,,,,
Venezuela,,,,,,,,,,,,,,,,,,,,,,,,,,,,,,191958,149703,113447,51000,80443,78485,95435,93267,67799,105580,75079,66370,68139,53295,68989,106131,108798,143953,166336,,,,
British Virgin Islands,,,,,,,,,,,,,,131,101,,,,,,,,,,,,,,,35,230,161,,,,86,129,,,,44,,93,57,,,,,,,,
Virgin Islands (U.S.),,,,,,,,,,,,,,,,,,,,,,,,,,,,,,,,,,,,,,,,,,,,,,,,,,,,
Vietnam,,,,,,,,,,,,,,,,,,,,,,,,,,,,,,,,,,,,,,,,,,,,,,,,,,,,
Vanuatu,,,,,,,,,,,,1461,,,,,,,,3074,,,,,,,,,,262,,,,,352,,,,,,,,,,,1797,,,,884,703,
World,48340932,49130340,48625632,46169032,46061964,45209084,44554544,44294500,45905516,45341656,43147508,42035148,41578848,41542060,41743400,41234428,40433956,40406696,39330424,38484240,39280656,39591276,41226504,42259132,43499832,45229088,47448544,48261952,46456168,44138476,41880400,40415860,39144940,37243124,34502844,32073240,31587476,27024730,27426988,28775978,28822968,29592204,28286754,27424896,28902888,29702852,29042490,29304460,28162752,29018332,30290220,
Samoa,,,,,,,,,,,,,,,,,,,,,,,,,1149,,,,979,1151,,,,,,,,,,,,,,,,,,,,,,
Kosovo,,,,,,,,,,,,,,,,,,,,,,,,,,,,,,,,,,,,,,,,,,,,,,,,,,,,
Yemen,,,,,,,,,,,,,,,,,,,,,,,,,,,,,,456591,,,,288102,248014,234203,,,289754,,180503,,137297,135798,,,218703,,,,,
South Africa,656359,,,,,,,,,,,,,,,,,,,,,506809,,,438709,421243,,,426774,381505,402599,380927,339451,276109,235869,227722,,,,,,,,,,,,369093,458946,463709,,
Zambia,,,81040,,,,85213,90058,101778,111154,117053,122444,128439,122965,119501,,122943,,151541,,,,,,228404,249941,,,292423,310141,320993,333791,307780,,189378,107677,137847,99458,,155845,201558,158820,150988,189405,,,,281430,,,,
Zimbabwe,,,,,,,,,,,,,,,,,,,,,,,,,,,,,197054,156074,126636,87655,114938,123772,,,,,,,,,,,,180271,176142,224290,229097,235214,214585,